{
    "errorThreshold": 2.7412869513536799e+002,
    "correctThreshold": 0.0,
    "wrongThreshold": 5.4825739027073598e+002
}
