{
    "errorThreshold": 6.4765218615727690e+001,
    "correctThreshold": 0.0,
    "wrongThreshold": 1.2953043723145538e+002
}
