{
    "errorThreshold": 7.4148308974831002e+002,
    "correctThreshold": 0.0,
    "wrongThreshold": 1.4829661794966200e+003
}
