{
    "errorThreshold": 5.1471981260756465e+003,
    "correctThreshold": 0.0,
    "wrongThreshold": 1.0294396252151293e+004
}
