{
    "errorThreshold": 1.1204719817061198e+003,
    "correctThreshold": 0.0,
    "wrongThreshold": 2.2409439634122396e+003
}
