{
    "errorThreshold": 9.2185691529446373e+001,
    "correctThreshold": 0.0,
    "wrongThreshold": 1.8437138305889275e+002
}
