{
    "errorThreshold": 1.0356228266420516e+002,
    "correctThreshold": 0.0,
    "wrongThreshold": 2.0712456532841031e+002
}
