{
    "errorThreshold": 2.7717046267919603e+001,
    "correctThreshold": 0.0,
    "wrongThreshold": 5.5434092535839206e+001
}
