{
    "errorThreshold": 1.1295218882569269e+002,
    "correctThreshold": 0.0,
    "wrongThreshold": 2.2590437765138537e+002
}
