{
    "errorThreshold": 1.4931979601741563e+002,
    "correctThreshold": 0.0,
    "wrongThreshold": 2.9863959203483125e+002
}
