{
    "errorThreshold": 1.5788363920815300e+002,
    "correctThreshold": 6.0770776814562126e+001,
    "wrongThreshold": 2.3980380739810332e+002,
    "decisionThreshold": 5.4242986379139491e-001
}
