{
    "errorThreshold": 1.1331577234249432e+001,
    "correctThreshold": 3.6341014517400994e+000,
    "wrongThreshold": 1.8120527653823739e+001,
    "decisionThreshold": 5.3135781559444761e-001
}
