{
    "errorThreshold": 1.6244610078472090e+002,
    "correctThreshold": 6.8070715337070808e+001,
    "wrongThreshold": 2.3980380739810332e+002,
    "decisionThreshold": 5.4954688298577814e-001
}
