{
    "errorThreshold": 1.9912215494996497e+002,
    "correctThreshold": 0.0,
    "wrongThreshold": 3.9824430989992993e+002
}
