{
    "errorThreshold": 8.9842947165283917e+001,
    "correctThreshold": 0.0,
    "wrongThreshold": 1.7968589433056783e+002
}
