{
    "errorThreshold": 1.0000000000000001e-001,
    "correctThreshold": 0.0,
    "wrongThreshold": 2.0000000000000001e-001
}
