{
    "errorThreshold": 1.2352286217852056e+003,
    "correctThreshold": 0.0,
    "wrongThreshold": 2.4704572435704113e+003
}
