{
    "errorThreshold": 3.9399345130292932e+002,
    "correctThreshold": 0.0,
    "wrongThreshold": 7.8798690260585863e+002
}
