{
    "errorThreshold": 9.5391906586109531e+002,
    "correctThreshold": 0.0,
    "wrongThreshold": 1.9078381317221906e+003
}
