{
    "errorThreshold": 6.3706251031878683e+003,
    "correctThreshold": 0.0,
    "wrongThreshold": 1.2741250206375737e+004
}
