{
    "errorThreshold": 2.6929420306079476e+002,
    "correctThreshold": 0.0,
    "wrongThreshold": 5.3858840612158951e+002
}
