{
    "errorThreshold": 1.9226614484780666e+002,
    "correctThreshold": 0.0,
    "wrongThreshold": 3.8453228969561331e+002
}
