{
    "errorThreshold": 6.0886026272288003e+000,
    "correctThreshold": 0.0,
    "wrongThreshold": 1.2177205254457601e+001
}
