{
    "errorThreshold": 5.2203308651807993e+002,
    "correctThreshold": 0.0,
    "wrongThreshold": 1.0440661730361599e+003
}
