{
    "errorThreshold": 1.1552945065521543e+002,
    "correctThreshold": 0.0,
    "wrongThreshold": 2.3105890131043085e+002
}
