{
    "errorThreshold": 6.8110526763238624e+001,
    "correctThreshold": 0.0,
    "wrongThreshold": 1.3622105352647725e+002
}
