{
    "errorThreshold": 7.4557172922927634e+002,
    "correctThreshold": 0.0,
    "wrongThreshold": 1.4911434584585527e+003
}
