{
    "errorThreshold": 7.1123561813526794e+002,
    "correctThreshold": 0.0,
    "wrongThreshold": 1.4224712362705359e+003
}
