{
    "errorThreshold": 9.1598115879148381e+001,
    "correctThreshold": 0.0,
    "wrongThreshold": 1.8319623175829676e+002
}
