{
    "errorThreshold": 5.8291113745440771e+003,
    "correctThreshold": 0.0,
    "wrongThreshold": 1.1658222749088154e+004
}
