{
    "errorThreshold": 1.0258820050839886e+002,
    "correctThreshold": 0.0,
    "wrongThreshold": 2.0517640101679771e+002
}
