{
    "errorThreshold": 9.9392312213670814e-002,
    "correctThreshold": 0.0,
    "wrongThreshold": 1.9878462442734163e-001
}
