{
    "errorThreshold": 5.5671679162693408e+002,
    "correctThreshold": 0.0,
    "wrongThreshold": 1.1134335832538682e+003
}
