{
    "errorThreshold": 7.8601872003051326e+001,
    "correctThreshold": 0.0,
    "wrongThreshold": 1.5720374400610265e+002
}
