{
    "errorThreshold": 1.4693781437850353e+003,
    "correctThreshold": 0.0,
    "wrongThreshold": 2.9387562875700705e+003
}
