{
    "errorThreshold": 1.6750785311104750e+002,
    "correctThreshold": 0.0,
    "wrongThreshold": 3.3501570622209499e+002
}
