{
    "errorThreshold": 6.7480743320895286e+001,
    "correctThreshold": 0.0,
    "wrongThreshold": 1.3496148664179057e+002
}
