{
    "errorThreshold": 3.8205103182119728e+001,
    "correctThreshold": 0.0,
    "wrongThreshold": 7.6410206364239457e+001
}
