{
    "errorThreshold": 2.8800776798094208e+001,
    "correctThreshold": 0.0,
    "wrongThreshold": 5.7601553596188417e+001
}
