{
    "errorThreshold": 2.2501375277779951e+002,
    "correctThreshold": 0.0,
    "wrongThreshold": 4.5002750555559902e+002
}
