{
    "errorThreshold": 1.4311988538113354e+002,
    "correctThreshold": 0.0,
    "wrongThreshold": 2.8623977076226709e+002
}
