{
    "errorThreshold": 2.2030630844359898e+001,
    "correctThreshold": 0.0,
    "wrongThreshold": 4.4061261688719796e+001
}
