{
    "errorThreshold": 1.6720341128221887e+002,
    "correctThreshold": 0.0,
    "wrongThreshold": 3.3440682256443773e+002
}
