{
    "errorThreshold": 2.6889357195510439e+002,
    "correctThreshold": 0.0,
    "wrongThreshold": 5.3778714391020878e+002
}
