{
    "errorThreshold": 8.8670786639516609e+002,
    "correctThreshold": 0.0,
    "wrongThreshold": 1.7734157327903322e+003
}
