{
    "errorThreshold": 7.9207303573223567e+002,
    "correctThreshold": 0.0,
    "wrongThreshold": 1.5841460714644713e+003
}
