{
    "errorThreshold": 1.6749398815299633e+003,
    "correctThreshold": 0.0,
    "wrongThreshold": 3.3498797630599265e+003
}
