{
    "errorThreshold": 8.9344792530214065e+001,
    "correctThreshold": 0.0,
    "wrongThreshold": 1.7868958506042813e+002
}
