{
    "errorThreshold": 1.3743959769219475e+002,
    "correctThreshold": 0.0,
    "wrongThreshold": 2.7487919538438950e+002
}
