{
    "errorThreshold": 1.0343585282435082e+002,
    "correctThreshold": 0.0,
    "wrongThreshold": 2.0687170564870164e+002
}
