{
    "errorThreshold": 1.1172133962464659e+003,
    "correctThreshold": 0.0,
    "wrongThreshold": 2.2344267924929318e+003
}
