{
    "errorThreshold": 1.3665968643728687e+002,
    "correctThreshold": 0.0,
    "wrongThreshold": 2.7331937287457373e+002
}
