{
    "errorThreshold": 2.2078344864728041e+002,
    "correctThreshold": 0.0,
    "wrongThreshold": 4.4156689729456082e+002
}
