{
    "errorThreshold": 1.1275382927998521e+002,
    "correctThreshold": 0.0,
    "wrongThreshold": 2.2550765855997042e+002
}
