{
    "errorThreshold": 2.4609707929939724e+001,
    "correctThreshold": 0.0,
    "wrongThreshold": 4.9219415859879447e+001
}
