{
    "errorThreshold": 4.1600891060897558e+000,
    "correctThreshold": 8.5113011756341130e+000,
    "wrongThreshold": 8.3201782121795116e+000,
    "decisionThreshold": 2.2766558193191297e+001
}
