{
    "errorThreshold": 5.2703858175569209e+001,
    "correctThreshold": 0.0,
    "wrongThreshold": 1.0540771635113842e+002
}
