{
    "errorThreshold": 1.2502891138133427e+002,
    "correctThreshold": 0.0,
    "wrongThreshold": 2.5005782276266854e+002
}
