{
    "errorThreshold": 7.3512612524710462e+001,
    "correctThreshold": 0.0,
    "wrongThreshold": 1.4702522504942092e+002
}
