{
    "errorThreshold": 5.4406676708977557e+002,
    "correctThreshold": 0.0,
    "wrongThreshold": 1.0881335341795511e+003
}
