{
    "homography": {
        "rows": 3,
        "cols": 3,
        "values": [ 9.9851422599835638e-001, 3.2919698669306025e-003,
            -2.3016612004205732e+000, -9.1044295276731428e-004,
            1.0037438365103333e+000, -6.5067741295548016e+000,
            -4.3635052067646474e-006, 5.1540650170464208e-006,
            9.9996885248611300e-001 ],
        "type": "Matrix"
    }
}
