{
    "homography": {
        "rows": 3,
        "cols": 3,
        "values": [ 1.0014577836998133e+000, 3.7937230823017350e-003,
            -2.7997437107213101e+000, -2.2144273914095894e-003,
            1.0079055096363345e+000, -6.3340884305865481e+000,
            -4.8256247969114080e-006, 9.9647496369714550e-006,
            9.9997829768860813e-001 ],
        "type": "Matrix"
    }
}
