{
    "errorThreshold": 1.9598941456662171e+003,
    "correctThreshold": 0.0,
    "wrongThreshold": 3.9197882913324343e+003
}
