{
    "errorThreshold": 4.3394230840408534e+002,
    "correctThreshold": 2.4044304679843779e+002,
    "wrongThreshold": 5.6733080831012342e+002,
    "decisionThreshold": 5.9194403825586572e-001
}
