{
    "errorThreshold": 2.6938837679074574e+001,
    "correctThreshold": 1.8453973467970087e+001,
    "wrongThreshold": 3.0810208523186539e+001,
    "decisionThreshold": 6.8668685673168850e-001
}
