{
    "errorThreshold": 1.3060876012466875e+002,
    "correctThreshold": 0.0,
    "wrongThreshold": 2.6121752024933750e+002
}
