{
    "errorThreshold": 1.0502542783111608e+002,
    "correctThreshold": 0.0,
    "wrongThreshold": 2.1005085566223215e+002
}
