{
    "errorThreshold": 3.4618626042787656e+002,
    "correctThreshold": 0.0,
    "wrongThreshold": 6.9237252085575312e+002
}
