{
    "errorThreshold": 7.4751056936038339e+001,
    "correctThreshold": 0.0,
    "wrongThreshold": 1.4950211387207668e+002
}
