{
    "errorThreshold": 7.8563210319933830e+001,
    "correctThreshold": 0.0,
    "wrongThreshold": 1.5712642063986766e+002
}
