{
    "errorThreshold": 1.8768890883095131e+002,
    "correctThreshold": 0.0,
    "wrongThreshold": 3.7537781766190261e+002
}
