{
    "errorThreshold": 3.1715551766696768e+002,
    "correctThreshold": 0.0,
    "wrongThreshold": 6.3431103533393537e+002
}
