{
    "errorThreshold": 7.4639338751607556e+002,
    "correctThreshold": 0.0,
    "wrongThreshold": 1.4927867750321511e+003
}
