{
    "errorThreshold": 1.3992580701961979e+003,
    "correctThreshold": 1.0149602270930711e+003,
    "wrongThreshold": 1.5298158565260571e+003,
    "decisionThreshold": 7.4641864851775352e-001
}
