{
    "errorThreshold": 4.6971699067250299e+000,
    "correctThreshold": 3.2074164104995253e+000,
    "wrongThreshold": 5.3850693003256538e+000,
    "decisionThreshold": 6.8410971426417355e-001
}
