{
    "errorThreshold": 1.2840156344704096e+003,
    "correctThreshold": 8.3057232993180946e+002,
    "wrongThreshold": 1.5298158565260571e+003,
    "decisionThreshold": 6.4847694300031922e-001
}
