{
    "homography": {
        "rows": 3,
        "cols": 3,
        "values": [ 9.9921753244251410e-001, -7.0421549434727655e-004,
            5.7354827833870015e-001, -3.7432327954552255e-004,
            9.9861512244121320e-001, 8.7809363266935481e-001,
            -2.7170696522741177e-007, -5.2449241315358785e-007,
            9.9999982322022141e-001 ],
        "type": "Matrix"
    }
}
