{
    "homography": {
        "rows": 3,
        "cols": 3,
        "values": [ 1.0001365515731211e+000, -1.1769324477323290e-004,
            -5.2039087533982398e-003, -1.3078754464860602e-005,
            1.0002421089598055e+000, -1.4534791036644931e-001,
            -3.7851392775647570e-008, 1.2856393076978928e-007, 1.0 ],
        "type": "Matrix"
    }
}
