{
    "homography": {
        "rows": 3,
        "cols": 3,
        "values": [ 1.0778032876678663e+000, 5.2226064380486270e-002,
            -2.0031023479480083e+001, -4.8696875386454890e-002,
            1.0598007960014240e+000, 9.4129762609884551e+001,
            3.9025510571569296e-005, 5.8712164271191352e-005,
            9.9797617803768190e-001 ],
        "type": "Matrix"
    }
}
