{
    "homography": {
        "rows": 3,
        "cols": 3,
        "values": [ 1.2299076589706950e+000, 2.6036478503606886e-001,
            -1.3767266822143395e+002, -6.0836074930238092e-002,
            1.2233042265307508e+000, 7.5729107116889750e+001,
            7.2353932046459167e-005, 2.6563865579159367e-004,
            1.0042131295335899e+000 ],
        "type": "Matrix"
    }
}
