{
    "homography": {
        "rows": 3,
        "cols": 3,
        "values": [ 1.0673236572424201e+000, 5.9414964186669215e-002,
            -4.2265065591158177e+001, 2.1384683491478210e-003,
            1.0620449806369368e+000, -1.0733511622457071e+001,
            2.0214133633445076e-005, 6.8395208265373709e-005,
            1.0000022667687232e+000 ],
        "type": "Matrix"
    }
}
