{
    "homography": {
        "rows": 3,
        "cols": 3,
        "values": [ 1.1593803156606701e+000, 5.9920870429518422e-002,
            -6.4903751566552828e+001, 3.0739901316097464e-002,
            1.1523194276976427e+000, -3.3993488078547827e+001,
            9.0325400264547608e-005, 1.0131769848094175e-004, 1.0 ],
        "type": "Matrix"
    }
}
