{
    "homography": {
        "rows": 3,
        "cols": 3,
        "values": [ 1.0521482874629484e+000, 5.1364290211220409e-002,
            -1.3689154446447144e+001, -2.2209723778553413e-002,
            1.0930325578348608e+000, 1.6758302982391665e+001,
            1.6717726215082653e-005, 8.9037903400280224e-005,
            1.0033371314801909e+000 ],
        "type": "Matrix"
    }
}
