{
    "homography": {
        "rows": 3,
        "cols": 3,
        "values": [ 1.0108297218902937e+000, 1.2828405004702734e-001,
            3.2229181640091422e+000, -1.0619029141202867e-001,
            1.1287736745361010e+000, 1.1766799384957532e+002,
            -6.5917716225474441e-006, 1.1817370575040752e-004,
            1.0042518382252230e+000 ],
        "type": "Matrix"
    }
}
