{
    "errorThreshold": 5.9558760007700450e+001,
    "correctThreshold": 0.0,
    "wrongThreshold": 1.1911752001540090e+002
}
