{
    "errorThreshold": 7.3712757406436981e+002,
    "correctThreshold": 0.0,
    "wrongThreshold": 1.4742551481287396e+003
}
