{
    "errorThreshold": 3.5737199936446167e+001,
    "correctThreshold": 0.0,
    "wrongThreshold": 7.1474399872892334e+001
}
