{
    "errorThreshold": 6.0188628669488708e+001,
    "correctThreshold": 3.9122285972868070e+001,
    "wrongThreshold": 7.1474399872892334e+001,
    "decisionThreshold": 6.5115815188215065e-001
}
