{
    "errorThreshold": 9.1252023630400274e+001,
    "correctThreshold": 0.0,
    "wrongThreshold": 1.8250404726080055e+002
}
