{
    "errorThreshold": 1.3513512013792766e+002,
    "correctThreshold": 0.0,
    "wrongThreshold": 2.7027024027585531e+002
}
