{
    "errorThreshold": 1.9422992458081861e+001,
    "correctThreshold": 0.0,
    "wrongThreshold": 3.8845984916163722e+001
}
