{
    "errorThreshold": 2.0450351861511841e+001,
    "correctThreshold": 0.0,
    "wrongThreshold": 4.0900703723023682e+001
}
