{
    "errorThreshold": 2.9155521004946543e+001,
    "correctThreshold": 1.3928270629495524e+001,
    "wrongThreshold": 4.0900703723023682e+001,
    "decisionThreshold": 5.6454863833195268e-001
}
