{
    "errorThreshold": 6.8404348701423942e+002,
    "correctThreshold": 0.0,
    "wrongThreshold": 1.3680869740284788e+003
}
