{
    "errorThreshold": 7.4453341866573112e+001,
    "correctThreshold": 0.0,
    "wrongThreshold": 1.4890668373314622e+002
}
