{
    "errorThreshold": 7.1430662194280828e+001,
    "correctThreshold": 3.6343141330251960e+001,
    "wrongThreshold": 9.7432397725746696e+001,
    "decisionThreshold": 5.7436483817826489e-001
}
