{
    "errorThreshold": 3.2678244311209454e+001,
    "correctThreshold": 2.1668052476019277e+001,
    "wrongThreshold": 3.8271423027394817e+001,
    "decisionThreshold": 6.6312992299494367e-001
}
