{
    "errorThreshold": 7.1207416245379329e+002,
    "correctThreshold": 0.0,
    "wrongThreshold": 1.4241483249075866e+003
}
