{
    "errorThreshold": 7.3538995451017672e+002,
    "correctThreshold": 0.0,
    "wrongThreshold": 1.4707799090203534e+003
}
