{
    "errorThreshold": 3.7440082606007259e+001,
    "correctThreshold": 0.0,
    "wrongThreshold": 7.4880165212014518e+001
}
