{
    "errorThreshold": 1.1390784292030001e+002,
    "correctThreshold": 0.0,
    "wrongThreshold": 2.2781568584060003e+002
}
