{
    "errorThreshold": 3.4660899382714473e+002,
    "correctThreshold": 0.0,
    "wrongThreshold": 6.9321798765428946e+002
}
