{
    "errorThreshold": 5.9720224246837267e+002,
    "correctThreshold": 0.0,
    "wrongThreshold": 1.1944044849367453e+003
}
