{
    "errorThreshold": 9.4081286622032216e+000,
    "correctThreshold": 3.7009351344790571e+000,
    "wrongThreshold": 1.4190088406307623e+001,
    "decisionThreshold": 5.4410431231397516e-001
}
