{
    "errorThreshold": 8.6872761789239945e+000,
    "correctThreshold": 3.7009351344790571e+000,
    "wrongThreshold": 1.2748383439749169e+001,
    "decisionThreshold": 5.5113230561819393e-001
}
