{
    "errorThreshold": 3.0775810868818869e+000,
    "correctThreshold": 1.1948260552762715e+000,
    "wrongThreshold": 4.6616296046684340e+000,
    "decisionThreshold": 5.4308096919299631e-001
}
