{
    "errorThreshold": 1.9081454178686977e+002,
    "correctThreshold": 1.2065152286474805e+002,
    "wrongThreshold": 2.3081467999280446e+002,
    "decisionThreshold": 6.3690094539104825e-001
}
