{
    "errorThreshold": 1.9117385125169278e+002,
    "correctThreshold": 1.2147799451288128e+002,
    "wrongThreshold": 2.3050020936228395e+002,
    "decisionThreshold": 6.3928124038835155e-001
}
