{
    "errorThreshold": 3.6891044398120314e+001,
    "correctThreshold": 2.1309476037779991e+001,
    "wrongThreshold": 4.7145243749015648e+001,
    "decisionThreshold": 6.0310065233958932e-001
}
