{
    "errorThreshold": 3.3495847880581357e+002,
    "correctThreshold": 0.0,
    "wrongThreshold": 6.6991695761162714e+002
}
