{
    "errorThreshold": 3.8177008046214826e+000,
    "correctThreshold": 1.4691312556533767e-001,
    "wrongThreshold": 7.4517602022862937e+000,
    "decisionThreshold": 5.0251396648044688e-001
}
