{
    "errorThreshold": 6.2058892867570936e+000,
    "correctThreshold": 3.9680146969823142e+000,
    "wrongThreshold": 7.4517602022862937e+000,
    "decisionThreshold": 6.4237602499023827e-001
}
