{
    "errorThreshold": 3.7258801011431468e+000,
    "correctThreshold": 8.5402776381879903e+001,
    "wrongThreshold": 7.4517602022862937e+000,
    "decisionThreshold": 1.0477977104565126e+000
}
