{
    "errorThreshold": 8.5842977754947540e+001,
    "correctThreshold": 5.9739626476303862e+001,
    "wrongThreshold": 9.7011422414515252e+001,
    "decisionThreshold": 7.0035131448770038e-001
}
