{
    "errorThreshold": 1.8833489185651459e+001,
    "correctThreshold": 1.2178920540775366e+001,
    "wrongThreshold": 2.2443327695333707e+001,
    "decisionThreshold": 6.4831495328211453e-001
}
