{
    "homography": {
        "rows": 3,
        "cols": 3,
        "values": [ 9.8175181590188210e-001, -8.5769378291415260e-003,
            8.4022111367421228e+000, 2.5301617664827119e-003,
            9.8734878821532845e-001, -2.3468004718908375e+000,
            -9.4429115412424531e-006, -1.0676499629570898e-005,
            9.9999056163172884e-001 ],
        "type": "Matrix"
    }
}
