{
    "homography": {
        "rows": 3,
        "cols": 3,
        "values": [ 1.0017169620931339e+000, 1.5702397864623813e-002,
            -6.0062040039834086e+000, -6.3902257263589637e-003,
            1.0022851736149887e+000, 2.0098308864110206e+000,
            -1.8606509922560036e-006, 9.6218056260748657e-006,
            9.9999975811923902e-001 ],
        "type": "Matrix"
    }
}
