{
    "homography": {
        "rows": 3,
        "cols": 3,
        "values": [ 9.9139595703640060e-001, 2.5398515469929194e-003,
            1.3909757509456893e+000, -3.2918152610993223e-003,
            9.9350377151495339e-001, 1.3751638392757000e+000,
            -4.4985131771441134e-006, -3.9011580099581421e-006,
            9.9999842682601470e-001 ],
        "type": "Matrix"
    }
}
